player,,bat,bowl
A Athanaze,Athanaze,LHB,NA
A Balbirnie,A Balbirnie,RHB,RM
A Bosch,A Bosch,RHB,RFM
A Brindle,A Brindle,RHB,NA
A Chopra,A Chopra,RHB,NA
A Dananjaya,A Dananjaya,RHB,ROS
A Dercksen,A Dercksen,RHB,RFM
A Flintoff,A Flintoff,RHB,RFM
A Gardner,A Gardner,RHB,RMF
A Hlubi,A Hlubi,RHB,RFM
A Kamboj,A Kamboj,RHB,RFM
A Khan,A Khan,RHB,RMF
A King,A King,RHB,NA
A Kumble,A Kumble,RHB,RLS
A Lyth,A Lyth,LHB,NA
A McGrath,A McGrath,RHB,RFM
A Mishra,A Mishra,RHB,RLS
A Mithun,A Mithun,RHB,RFM
A Mukund,A Mukund,LHB,NA
A Ndlovu,A Ndlovu,RHB,RFM
A Nehra,A Nehra,LHB,LF
A Nel,A Nel,RHB,RFM
A Nortje,A Nortje,RHB,RF
A Phillip,A Phillip,RHB,NA
A Shahzad,A Shahzad,RHB,NA
A Sharma,A Sharma,RHB,RMF
A Shrubsole,A Shrubsole,RHB,RF
A Steyn,A Steyn,RHB,RF
A Sutherland,A Sutherland,RHB,RMF
A Symonds,A Symonds,RHB,RM
A Wellington,A Wellington,RHB,NA
AA Jangoo,AA Jangoo,LHB,NA
AAP Atkinson,AAP Atkinson,RHB,RF
AB Agarkar,AB Agarkar,RHB,RFM
AB Barath,AB Barath,LHB,NA
AB Fudadin,AB Fudadin,LHB,NA
AB McDonald,AB McDonald,LHB,LMF
AB de Villiers,AB de Villiers,RHB,RM
AC Agar,AC Agar,LHB,LOS
AC Gilchrist,AC Gilchrist,LHB,NA
AC Voges,AC Voges,LHB,ROS
AD Hales,AD Hales,RHB,NA
AD Mathews,AD Mathews,RHB,RMF
AD Russell,AD Russell,RHB,RF
AE Jones,AE Jones,RHB,NA
AF Giles,AF Giles,LHB,LOS
AG Cremer,AG Cremer,RHB,RLS
AG Prince,AG Prince,LHB,NA
AJ Bichel,AJ Bichel,RHB,RFM
AJ Blackwell,AJ Blackwell,LHB,LOS
AJ Doolan,AJ Doolan,RHB,NA
AJ Finch,AJ Finch,RHB,NA
AJ Hall,AJ Hall,RHB,NA
AJ Healy,AJ Healy,RHB,NA
AJ McKay,AJ McKay,RHB,RMF
AJ Redmond,AJ Redmond,LHB,NA
AJ Stewart,AJ Stewart,RHB,NA
AJ Strauss,AJ Strauss,RHB,NA
AK Markram,AK Markram,RHB,ROS
AL Phehlukwayo,AL Phehlukwayo,LHB,LMF
AM Blignaut,AM Blignaut,RHB,RMF
AM Fernando,AM Fernando,RHB,RF
AM Rahane,AM Rahane,RHB,NA
AN Cook,AN Cook,LHB,NA
AN Davidson-Richards,AN Davidson-Richards,RHB,RM
AN Petersen,AN Petersen,RHB,NA
AR Caddick,AR Caddick,RHB,RF
AR McBrine,AR McBrine,RHB,ROS
AR Patel,AR Patel,LHB,LOS
ARS Silva,ARS Silva,RHB,NA
AS Jaggernauth,AS Jaggernauth,LHB,LOS
AS Joseph,AS Joseph,RHB,RF
AT Carey,AT Carey,LHB,NA
AU Rashid,AU Rashid,RHB,RLS
AY Patel,AY Patel,LHB,LOS
AZ Lees,AZ Lees,LHB,NA
Aamer Jamal,Aamer Jamal,RHB,RFM
Abdul Razzaq,Abdul Razzaq,RHB,RMF
Abdullah Shafique,Abdullah Shafique,RHB,NA
Abdur Rauf,Abdur Rauf,RHB,RF
Abdur Razzak,Abdur Razzak,LHB,LOS
Abdur Rehman,Abdur Rehman,LHB,LOS
Abid Ali,Abid Ali,RHB,RM
Abrar Ahmed,Abrar Ahmed,RHB,RLS
Abu Jayed,Abu Jayed,RHB,RFM
Abul Hasan,Abul Hasan,RHB,RFM
Adnan Akmal,Adnan Akmal,LHB,NA
Aftab Ahmed,Aftab Ahmed,RHB,RMF
Agha Salman,Agha Salman,RHB,ROS
Ahmed Shehzad,Ahmed Shehzad,RHB,NA
Aizaz Cheema,Aizaz Cheema,RHB,RFM
Akash Deep,Akash Deep,RHB,RF
Al Sahariar,Al Sahariar,RHB,NA
Al-Amin Hossain,Al-Amin Hossain,RHB,RMF
Alok Kapali,Alok Kapali,RHB,ROS
Anamul Haque,Anamul Haque,RHB,NA
Anwar Hossain Monir,Anwar Hossain Monir,RHB,RMF
Ariful Haque,Ariful Haque,LHB,LMF
Asad Shafiq,Asad Shafiq,RHB,ROS
Asif Afridi,Asif Afridi,LHB,LOS
Asim Kamal,Asim Kamal,RHB,ROS
Azhar Ali,Azhar Ali,RHB,NA
B Casson,B Casson,RHB,RLS
B Doggett,B Doggett,RHB,LFM
B Evans,B Evans,RHB,NA
B Kumar,B Kumar,RHB,RMF
B Lee,B Lee,RHB,RF
B Mavuta,B Mavuta,RHB,RLS
B Muzarabani,B Muzarabani,RHB,RF
B Sai Sudharsan,B Sai Sudharsan,LHB,NA
B White,B White,RHB,NA
BA Carse,BA Carse,RHB,RFM
BA King,BA King,LHB,NA
BA Parchment,BA Parchment,LHB,NA
BA Stokes,BA Stokes,LHB,RFM
BA Williams,BA Williams,RHB,RMF
BAW Mendis,BAW Mendis,RHB,NA
BB Chari,BB Chari,RHB,NA
BB McCullum,BB McCullum,RHB,RM
BC Lara,BC Lara,LHB,NA
BE Hendricks,BE Hendricks,LHB,LFM
BE McGain,BE McGain,RHB,RLS
BG Rogers,BG Rogers,LHB,NA
BJ Arnel,BJ Arnel,LHB,LFM
BJ Bennett,BJ Bennett,RHB,NA
BJ Bess,BJ Bess,LHB,LOS
BJ Clark,BJ Clark,RHB,RFM
BJ Curran,BJ Curran,LHB,LFM
BJ Haddin,BJ Haddin,LHB,NA
BJ Hodge,BJ Hodge,RHB,ROS
BJ McCarthy,BJ McCarthy,RHB,RFM
BJ Watling,BJ Watling,RHB,NA
BJ Webster,BJ Webster,RHB,RM
BKG Mendis,BKG Mendis,RHB,NA
BL Mooney,BL Mooney,LHB,NA
BL Morgan,BL Morgan,LHB,NA
BM Duckett,BM Duckett,LHB,ROS
BM Tickner,BM Tickner,RHB,RFM
BOP Fernando,BOP Fernando,RHB,RM
BP Martin,BP Martin,RHB,RF
BP Nash,BP Nash,LHB,NA
BRM Taylor,BRM Taylor,RHB,NA
BS Mudzinganyama,BS Mudzinganyama,RHB,RM
BT Foakes,BT Foakes,RHB,NA
BV Sears,BV Sears,RHB,RF
BV Vitori,BV Vitori,LHB,LOS
BW Hilfenhaus,BW Hilfenhaus,RHB,RFM
Babar Azam,Babar Azam,RHB,NA
Bilal Asif,Bilal Asif,RHB,ROS
Bilawal Bhatti,Bilawal Bhatti,LHB,LFM
C Bosch,C Bosch,RHB,RFM
C Campher,C Campher,RHB,RMF
C Carmichael,C Carmichael,LHB,NA
C Connolly,C Connolly,LHB,LOS
C Fortuin,C Fortuin,LHB,LOS
C Green,C Green,RHB,RMF
C Karunaratne,C Karunaratne,RHB,RMF
C Madande,C Madande,RHB,NA
C Munro,C Munro,LHB,RM
C Overton,C Overton,RHB,RFM
C White,C White,RHB,NA
C de Grandhomme,C de Grandhomme,RHB,RM
CA Pujara,CA Pujara,RHB,NA
CA Young,CA Young,RHB,NA
CAK Rajitha,CAK Rajitha,RHB,RF
CAK Walton,CAK Walton,RHB,NA
CB Mpofu,CB Mpofu,RHB,RMF
CB Wishart,CB Wishart,LHB,NA
CBRLS Kumara,CBRLS Kumara,RHB,RF
CD Collymore,CD Collymore,RHB,RFM
CD Cumming,CD Cumming,RHB,NA
CD McMillan,CD McMillan,RHB,RM
CE Dean,CE Dean,RHB,NA
CE Taylor,CE Taylor,RHB,NA
CFK van Wyk,CFK van Wyk,RHB,NA
CH Gayle,CH Gayle,LHB,ROS
CH Morris,CH Morris,RHB,RF
CJ Anderson,CJ Anderson,LHB,RFM
CJ Chibhabha,CJ Chibhabha,RHB,ROS
CJ Connor,CJ Connor,RHB,RFM
CJ Ferguson,CJ Ferguson,RHB,NA
CJ Jordan,CJ Jordan,RHB,RF
CJ McKay,CJ McKay,RHB,RMF
CJ Sayers,CJ Sayers,RHB,RFM
CJL Rogers,CJL Rogers,LHB,NA
CK Coventry,CK Coventry,RHB,NA
CK Holder,CK Holder,RHB,RF
CK Kapugedera,CK Kapugedera,RHB,ROS
CK Langeveldt,CK Langeveldt,RHB,RFM
CK Tshuma,CK Tshuma,RHB,RM
CKB Kulasekara,CKB Kulasekara,RHB,RMF
CL Cairns,CL Cairns,RHB,RFM
CL Fitzpatrick,CL Fitzpatrick,RHB,RF
CL Tryon,CL Tryon,RHB,ROS
CL White,CL White,RHB,NA
CM Edwards,CM Edwards,RHB,RF
CM Willoughby,CM Willoughby,RHB,NA
CMG Atkins,CMG Atkins,RHB,NA
CMW Read,CMW Read,RHB,NA
CN Evans,CN Evans,RHB,NA
CO Browne,CO Browne,RHB,NA
CR Brathwaite,CR Brathwaite,RHB,RM
CR Ervine,CR Ervine,LHB,RM
CR Woakes,CR Woakes,RHB,RMF
CRD Fernando,CRD Fernando,RHB,RF
CS Baugh,CS Baugh,RHB,NA
CS Martin,CS Martin,RHB,RF
CT Bancroft,CT Bancroft,RHB,NA
CT Mumba,CT Mumba,RHB,RMF
CT Mutombodzi,CT Mutombodzi,RHB,RM
CT Tremlett,CT Tremlett,RHB,RF
Codi Yusuf,Codi Yusuf,RHB,RF
D Bishoo,D Bishoo,RHB,RLS
D Brevis,D Brevis,RHB,ROS
D Brown,D Brown,RHB,NA
D Dasgupta,D Dasgupta,LHB,NA
D Elgar,D Elgar,LHB,NA
D Ganga,D Ganga,RHB,NA
D Gough,D Gough,RHB,RF
D Hazell,D Hazell,RHB,RMF
D Madushanka,D Madushanka,RHB,LF
D Mohammed,D Mohammed,RHB,NA
D Myers,D Myers,RHB,RMF
D Olivier,D Olivier,RHB,RF
D Padikkal,D Padikkal,LHB,NA
D Paterson,D Paterson,RHB,RMF
D Pretorius,D Pretorius,RHB,RMF
D Ramdin,D Ramdin,RHB,NA
D Tucker,D Tucker,LHB,NA
DA Warner,DA Warner,LHB,NA
DAJ Bracewell,DAJ Bracewell,RHB,ROS
DAS Gunaratne,DAS Gunaratne,RHB,ROS
DB Sharma,DB Sharma,RHB,RM
DBL Powell,DBL Powell,LHB,NA
DC Thomas,DC Thomas,RHB,NA
DD Ebrahim,DD Ebrahim,RHB,NA
DE Bernard,DE Bernard,RHB,NA
DE Bollinger,DE Bollinger,LHB,LF
DG Bedingham,DG Bedingham,RHB,NA
DG Brownlie,DG Brownlie,RHB,NA
DJ Bravo,DJ Bravo,RHB,RMF
DJ Malan,DJ Malan,LHB,ROS
DJ Mitchell,DJ Mitchell,RHB,RMF
DJ Pattinson,DJ Pattinson,RHB,RF
DJ Terbrugge,DJ Terbrugge,RHB,RF
DJ Vilas,DJ Vilas,RHB,NA
DJG Sammy,DJG Sammy,RHB,RM
DL Piedt,DL Piedt,RHB,LOS
DL Vettori,DL Vettori,LHB,LOS
DM Bess,DM Bess,LHB,LOS
DM Bravo,DM Bravo,RHB,RM
DM Richards,DM Richards,RHB,NA
DM Washington,DM Washington,LHB,LOS
DM de Silva,DM de Silva,RHB,ROS
DN Wellalage,DN Wellalage,LHB,LOS
DN Wyatt,DN Wyatt,RHB,ROS
DP Conway,DP Conway,LHB,NA
DP Sibley,DP Sibley,RHB,NA
DPMD Jayawardene,DPMD Jayawardene,RHB,NA
DR Flynn,DR Flynn,RHB,NA
DR Martyn,DR Martyn,RHB,NA
DR Smith,DR Smith,RHB,NA
DR Tuffey,DR Tuffey,RHB,RF
DS Lehmann,DS Lehmann,LHB,RM
DS Smith,DS Smith,RHB,NA
DT Tiripano,DT Tiripano,RHB,RMF
DW Lawrence,DW Lawrence,RHB,ROS
DW Steyn,DW Steyn,RHB,RF
Danish Kaneria,Danish Kaneria,RHB,RLS
Dewald Pretorius,Dewald Pretorius,RHB,RMF
Dhruv Jurel,Dhruv Jurel,RHB,NA
E Bisht,E Bisht,LHB,LOS
E Chigumbura,E Chigumbura,RHB,RMF
E Liddell,E Liddell,RHB,RM
EA Osborne,EA Osborne,RHB,NA
EA Perry,EA Perry,RHB,RMF
EC Joyce,EC Joyce,LHB,NA
EJ Villani,EJ Villani,LHB,NA
EJG Morgan,EJG Morgan,LHB,NA
EJM Cowan,EJM Cowan,LHB,NA
EL Lamb,EL Lamb,RHB,RMF
EM Moore,EM Moore,RHB,NA
EM Sampson,EM Sampson,RHB,NA
ET Smith,ET Smith,RHB,NA
Ebadat Hossain,Ebadat Hossain,RHB,RF
Ehsan Adil,Ehsan Adil,RHB,RFM
Elias Sunny,Elias Sunny,LHB,LOS
Enamul Haque jnr,Enamul Haque jnr,RHB,LOS
F Hand,F Hand,RHB,NA
F Mutizwa,F Mutizwa,RHB,NA
F de Wet,F de Wet,RHB,RMF
F du Plessis,F du Plessis,RHB,RM
FC Wilson,FC Wilson,RHB,NA
FDM Karunaratne,FDM Karunaratne,LHB,NA
FH Edwards,FH Edwards,RHB,RF
FL Reifer,FL Reifer,LHB,RM
Faheem Ashraf,Faheem Ashraf,RHB,RMF
Faisal Iqbal,Faisal Iqbal,RHB,NA
Fakhar Zaman,Fakhar Zaman,LHB,NA
Farhan Adil,Farhan Adil,RHB,RMF
Fawad Alam,Fawad Alam,LHB,ROS
Fazl-e-Akbar,Fazl-e-Akbar,RHB,RLS
G Coetzee,G Coetzee,RHB,RF
G Gambhir,G Gambhir,LHB,NA
G Hoey,G Hoey,RHB,NA
G Kirsten,G Kirsten,LHB,NA
G Motie,G Motie,RHB,LOS
G Onions,G Onions,RHB,RMF
G Voll,G Voll,RHB,NA
G Wareham,G Wareham,RHB,RLS
GA Elwiss,GA Elwiss,RHB,RM
GA Lamb,GA Lamb,RHB,NA
GA Manou,GA Manou,RHB,NA
GA Stuurman,GA Stuurman,RHB,RF
GB Hogg,GB Hogg,LHB,RLS
GC Smith,GC Smith,RHB,NA
GC Tonge,GC Tonge,RHB,RF
GC Viljoen,GC Viljoen,RHB,RLS
GC Wilson,GC Wilson,RHB,NA
GD Elliott,GD Elliott,RHB,NA
GD McGrath,GD McGrath,RHB,RF
GD Phillips,GD Phillips,RHB,ROS
GF Linde,GF Linde,LHB,LOS
GH Dockrell,GH Dockrell,LHB,LOS
GH Vihari,GH Vihari,RHB,ROS
GI Hume,GI Hume,RHB,RMF
GJ Bailey,GJ Bailey,RHB,NA
GJ Batty,GJ Batty,LHB,LOS
GJ Hopkins,GJ Hopkins,RHB,NA
GJ Maxwell,GJ Maxwell,RHB,ROS
GM Ewing,GM Ewing,RHB,NA
GO Jones,GO Jones,RHB,NA
GP Swann,GP Swann,RHB,ROS
GP Thorpe,GP Thorpe,LHB,NA
GS Ballance,GS Ballance,LHB,NA
GS Dinusha,GS Dinusha,RHB,ROS
H Hameed,H Hameed,RHB,NA
H Kala,H Kala,RHB,NA
H Kaur,H Kaur,RHB,ROS
H Klaasen,H Klaasen,RHB,NA
H Masakadza,H Masakadza,RHB,NA
HAPW Jayawardene,HAPW Jayawardene,RHB,NA
HC Brook,HC Brook,RHB,RM
HC Knight,HC Knight,RHB,NA
HD Rutherford,HD Rutherford,LHB,NA
HDPK Dharmasena,HDPK Dharmasena,RHB,ROS
HDRL Thirimanne,HDRL Thirimanne,LHB,NA
HE van der Dussen,HE van der Dussen,RHB,NA
HG Kuhn,HG Kuhn,LHB,NA
HH Dippenaar,HH Dippenaar,RHB,NA
HH Gibbs,HH Gibbs,LHB,NA
HH Pandya,HH Pandya,RHB,RMF
HH Streak,HH Streak,RHB,RMF
HJH Marshall,HJH Marshall,RHB,NA
HK Bennett,HK Bennett,RHB,RF
HL Colvin,HL Colvin,RHB,NA
HL Ferling,HL Ferling,RHB,RF
HM Amla,HM Amla,RHB,NA
HM Nicholls,HM Nicholls,LHB,NA
HMCM Bandara,HMCM Bandara,RHB,NA
HMRKB Herath,HMRKB Herath,LHB,LOS
HP Tillakaratne,HP Tillakaratne,LHB,NA
HT Tector,HT Tector,LHB,ROS
HWR Cartwright,HWR Cartwright,RHB,RMF
Habibul Bashar,Habibul Bashar,RHB,NA
Hannan Sarkar,Hannan Sarkar,LHB,NA
Harbhajan Singh,Harbhajan Singh,RHB,ROS
Haris Rauf,Haris Rauf,RHB,RF
Haris Sohail,Haris Sohail,LHB,ROS
Harshit Rana,Harshit Rana,RHB,RF
Hasan Ali,Hasan Ali,RHB,RF
Hasan Mahmud,Hasan Mahmud,RHB,RF
Hasan Murad,Hasan Murad,RHB,RLS
Hasan Raza,Hasan Raza,RHB,NA
I Kaia,I Kaia,RHB,NA
I Khan,I Khan,RHB,RM
I Sharma,I Sharma,RHB,RF
ID Blackwell,ID Blackwell,LHB,LOS
IDR Bradshaw,IDR Bradshaw,RHB,RM
IE O'Brien,IE O'Brien,RHB,RMF
IECM Wong,IECM Wong,RHB,NA
IG Butler,IG Butler,RHB,NA
IJL Trott,IJL Trott,RHB,NA
IK Pathan,IK Pathan,LHB,LMF
IR Bell,IR Bell,RHB,NA
IS Sodhi,IS Sodhi,RHB,RLS
IT Guha,IT Guha,RHB,RF
Iftikhar Ahmed,Iftikhar Ahmed,RHB,ROS
Iftikhar Anjum,Iftikhar Anjum,RHB,RF
Imam-ul-Haq,Imam-ul-Haq,LHB,NA
Imran Butt,Imran Butt,RHB,NA
Imran Farhat,Imran Farhat,LHB,LOS
Imran Khan,Imran Khan,RHB,RMF
Imran Tahir,Imran Tahir,RHB,RLS
Imrul Kayes,Imrul Kayes,LHB,NA
Inzamam-ul-Haq,Inzamam-ul-Haq,RHB,NA
Ishan Kishan,Ishan Kishan,LHB,NA
J Blackwood,J Blackwood,RHB,NA
J Botha,J Botha,RHB,ROS
J Campbell,J Campbell,LHB,NA
J Da Silva,J Da Silva,RHB,NA
J Goswami,J Goswami,RHB,RMF
J Gumbie,J Gumbie,RHB,NA
J Hayes,J Hayes,RHB,NA
J Hull,J Hull,RHB,NA
J Layne,J Layne,RHB,NA
J Lewis,J Lewis,LHB,NA
J Mubarak,J Mubarak,RHB,NA
J Neill,J Neill,RHB,RF
J Nyumbu,J Nyumbu,RHB,ROS
J Overton,J Overton,RHB,RFM
J Smit,J Smit,RHB,NA
J Srinath,J Srinath,RHB,RF
J Weatherald,J Weatherald,LHB,NA
J Yadav,J Yadav,RHB,RLS
JA Burns,JA Burns,RHB,NA
JA Duffy,JA Duffy,RHB,RF
JA McCollum,JA McCollum,RHB,NA
JA Morkel,JA Morkel,RHB,RFM
JA Raval,JA Raval,RHB,NA
JA Richardson,JA Richardson,RHB,RF
JA Rudolph,JA Rudolph,LHB,NA
JA Warrican,JA Warrican,LHB,LOS
JAH Marshall,JAH Marshall,RHB,NA
JC Archer,JC Archer,RHB,RF
JC Buttler,JC Buttler,RHB,NA
JC Price,JC Price,RHB,NA
JC Tongue,JC Tongue,RHB,RF
JC Tredwell,JC Tredwell,RHB,ROS
JD Campbell,JD Campbell,RHB,NA
JD Ryder,JD Ryder,LHB,NA
JD Unadkat,JD Unadkat,LHB,LFM
JDF Vandersay,JDF Vandersay,RHB,RLS
JDP Oram,JDP Oram,LHB,LMF
JDS Neesham,JDS Neesham,LHB,RMF
JE Cameron,JE Cameron,RHB,NA
JE Root,JE Root,RHB,ROS
JE Taylor,JE Taylor,RHB,NA
JEC Franklin,JEC Franklin,LHB,LMF
JG Bethell,JG Bethell,LHB,LMF
JH Kallis,JH Kallis,RHB,RMF
JI Rodrigues,JI Rodrigues,RHB,NA
JJ Bumrah,JJ Bumrah,RHB,RF
JJ Krejza,JJ Krejza,RHB,ROS
JJ Roy,JJ Roy,RHB,NA
JJC Lawson,JJC Lawson,RHB,NA
JK Silva,JK Silva,RHB,NA
JL Denly,JL Denly,RHB,ROS
JL Gunn,JL Gunn,RHB,NA
JL Jonassen,JL Jonassen,LHB,LOS
JL Langer,JL Langer,LHB,NA
JL Ontong,JL Ontong,LHB,LOS
JL Pattinson,JL Pattinson,RHB,RF
JL Smith,JL Smith,RHB,NA
JL Solozano,JL Solozano,RHB,NA
JM Anderson,JM Anderson,RHB,RF
JM Bairstow,JM Bairstow,RHB,NA
JM Bird,JM Bird,RHB,RF
JM Fields,JM Fields,RHB,NA
JM Holland,JM Holland,RHB,LLS
JM How,JM How,RHB,NA
JM Mennie,JM Mennie,RHB,RFM
JM Vince,JM Vince,RHB,NA
JN Gillespie,JN Gillespie,RHB,RF
JN Hamilton,JN Hamilton,RHB,NA
JNT Seales,JNT Seales,RHB,RF
JO Holder,JO Holder,RHB,RMF
JP Crawley,JP Crawley,RHB,NA
JP Duminy,JP Duminy,LHB,ROS
JP Faulkner,JP Faulkner,LHB,LMF
JP Greaves,JP Greaves,LHB,LOS
JP Inglis,JP Inglis,RHB,NA
JR Hazlewood,JR Hazlewood,RHB,RF
JS Foster,JS Foster,RHB,NA
JS Patel,JS Patel,RHB,ROS
JT Ball,JT Ball,RHB,RF
JW Hastings,JW Hastings,RHB,RMF
JWA Taylor,JWA Taylor,RHB,NA
Jahurul Islam,Jahurul Islam,RHB,NA
Jaker Ali,Jaker Ali,RHB,NA
James Bracey,James Bracey,LHB,NA
Javed Omar,Javed Omar,RHB,NA
Jubair Hossain,Jubair Hossain,RHB,RFM
Julie Hayes,Julie Hayes,RHB,NA
Junaid Khan,Junaid Khan,LHB,LF
Junaid Siddique,Junaid Siddique,RHB,RF
K Matigimu,K Matigimu,RHB,NA
K Pierre,K Pierre,LHB,LOS
K Rabada,K Rabada,RHB,RF
K Sinclair,K Sinclair,RHB,NA
K Verreynne,K Verreynne,RHB,NA
K Zondo,K Zondo,LHB,NA
KA Anderson,KA Anderson,RHB,NA
KA Blackwell,KA Blackwell,LHB,LOS
KA Edwards,KA Edwards,RHB,RF
KA Hope,KA Hope,RHB,NA
KA Jamieson,KA Jamieson,RHB,RF
KA Maharaj,KA Maharaj,LHB,LOS
KAJ Roach,KAJ Roach,RHB,RF
KAR Hodge,KAR Hodge,RHB,NA
KC Brathwaite,KC Brathwaite,RHB,RM
KC Sangakkara,KC Sangakkara,LHB,NA
KD Karthik,KD Karthik,RHB,NA
KD Mills,KD Mills,RHB,RF
KD Petersen,KD Petersen,RHB,NA
KDK Vithanage,KDK Vithanage,LHB,ROS
KE Pike,KE Pike,RHB,NA
KH Brunt,KH Brunt,RHB,LFM
KIC Asalanka,KIC Asalanka,LHB,ROS
KJ Abbott,KJ Abbott,RHB,RF
KJ Garth,KJ Garth,RHB,RF
KJ O'Brien,KJ O'Brien,RHB,RMF
KK Jennings,KK Jennings,LHB,NA
KK Nair,KK Nair,RHB,NA
KK Peters,KK Peters,RHB,LFM
KL Britt,KL Britt,RHB,NA
KL Cross,KL Cross,RHB,NA
KL Gordon,KL Gordon,RHB,NA
KL Rahul,KL Rahul,RHB,NA
KL Rolton,KL Rolton,LHB,NA
KM Beams,KM Beams,RHB,ROS
KM Dabengwa,KM Dabengwa,RHB,NA
KM Jarvis,KM Jarvis,RHB,LF
KM Leng,KM Leng,RHB,NA
KMA Paul,KMA Paul,RHB,NA
KMDN Kulasekara,KMDN Kulasekara,RHB,RMF
KN Peiris,KN Peiris,RHB,NA
KNM Fernando,KNM Fernando,RHB,NA
KO Meth,KO Meth,RHB,NA
KOA Powell,KOA Powell,LHB,NA
KP Pietersen,KP Pietersen,RHB,NA
KR Mayers,KR Mayers,LHB,RMF
KR Patterson,KR Patterson,RHB,NA
KS Bharat,KS Bharat,RHB,NA
KS Williamson,KS Williamson,RHB,RM
KSA McKenzie,KSA McKenzie,RHB,NA
KT Kasuza,KT Kasuza,RHB,RF
KT Maphaka,KT Maphaka,LHB,LF
KTGD Prasad,KTGD Prasad,RHB,NA
KTH Ratnayake,KTH Ratnayake,RHB,NA
KU Carty,KU Carty,LHB,NA
KV Jain,KV Jain,RHB,NA
KV Sharma,KV Sharma,RHB,RLS
Kabir Ali,Kabir Ali,RHB,RF
Kamran Akmal,Kamran Akmal,RHB,NA
Kamran Ghulam,Kamran Ghulam,RHB,ROS
Kamrul Islam Rabbi,Kamrul Islam Rabbi,RHB,RF
Kashif Ali,Kashif Ali,RHB,RF
Khaled Ahmed,Khaled Ahmed,RHB,RMF
Khaled Mahmud,Khaled Mahmud,RHB,RMF
Khaled Mashud,Khaled Mashud,RHB,NA
Khurram Manzoor,Khurram Manzoor,RHB,NA
Khurram Shahzad,Khurram Shahzad,RHB,RF
Kuldeep Yadav,Kuldeep Yadav,LHB,LLS
L Balaji,L Balaji,RHB,RF
L Cheatle,L Cheatle,RHB,LF
L Embuldeniya,L Embuldeniya,RHB,LOS
L Filer,L Filer,RHB,RF
L Goodall,L Goodall,RHB,NA
L Lee,L Lee,RHB,RF
L Ngidi,L Ngidi,RHB,RF
L Ronchi,L Ronchi,RHB,NA
L Senokwane,L Senokwane,RHB,NA
L Sipamla,L Sipamla,RHB,RF
L Tucker,L Tucker,RHB,NA
L Vincent,L Vincent,RHB,NA
L Winfield,L Winfield,LHB,NA
L Winfield-Hill,L Winfield-Hill,LHB,NA
L Wolvaardt,L Wolvaardt,RHB,NA
LA Coleman,LA Coleman,RHB,RF
LA Dawson,LA Dawson,LHB,LOS
LA Marsh,LA Marsh,RHB,RMF
LB Williams,LB Williams,RHB,NA
LC Pearson,LC Pearson,RHB,NA
LC Sthalekar,LC Sthalekar,RHB,RMF
LD Chandimal,LD Chandimal,RHB,NA
LE Plunkett,LE Plunkett,RHB,RF
LG Pretorius,LG Pretorius,RHB,NA
LH Ferguson,LH Ferguson,RHB,RF
LJ Harper,LJ Harper,RHB,NA
LJ Poulton,LJ Poulton,RHB,NA
LK Bell,LK Bell,RHB,NA
LK Ebsary,LK Ebsary,LHB,NA
LK Newton,LK Newton,RHB,NA
LL Tsotsobe,LL Tsotsobe,RHB,LF
LM Jongwe,LM Jongwe,RHB,RMF
LM Keightley,LM Keightley,LHB,NA
LMP Simmons,LMP Simmons,LHB,NA
LP Griffiths,LP Griffiths,RHB,NA
LPC Silva,LPC Silva,RHB,NA
LR Johnson,LR Johnson,RHB,RF
LRPL Taylor,LRPL Taylor,RHB,NA
LS Baker,LS Baker,RHB,NA
LS Greenway,LS Greenway,LHB,NA
LS Livingstone,LS Livingstone,RHB,RLS
LU Igalagamage,LU Igalagamage,RHB,NA
Liton Das,Liton Das,RHB,NA
M Bhanuka,M Bhanuka,LHB,NA
M Commins,M Commins,RHB,RF
M Dillon,M Dillon,RHB,NA
M Hayward,M Hayward,LHB,NA
M Jansen,M Jansen,LHB,LF
M Jones,M Jones,RHB,NA
M Kaif,M Kaif,RHB,NA
M Kapp,M Kapp,RHB,RMF
M Kartik,M Kartik,LHB,LOS
M Klaas,M Klaas,RHB,RF
M Labuschagne,M Labuschagne,RHB,RM
M Louis,M Louis,RHB,NA
M Morkel,M Morkel,RHB,RF
M Muralitharan,M Muralitharan,RHB,ROS
M Ntini,M Ntini,RHB,RF
M Prasidh Krishna,M Prasidh Krishna,RHB,RF
M Raj,M Raj,RHB,NA
M Shumba,M Shumba,LHB,LOS
M Theekshana,M Theekshana,RHB,ROS
M Vijay,M Vijay,RHB,NA
M Zondeki,M Zondeki,RHB,RF
M de Lange,M de Lange,RHB,RF
M van Jaarsveld,M van Jaarsveld,RHB,NA
MA Agarwal,MA Agarwal,RHB,NA
MA Beer,MA Beer,RHB,LOS
MA Butcher,MA Butcher,LHB,NA
MA Carberry,MA Carberry,LHB,NA
MA Starc,MA Starc,LHB,LF
MA Vermeulen,MA Vermeulen,RHB,NA
MA Wood,MA Wood,RHB,RF
MC Henriques,MC Henriques,RHB,RMF
MD Bell,MD Bell,RHB,NA
MD Craig,MD Craig,RHB,NA
MD Fisher,MD Fisher,RHB,RF
MD Gunathilaka,MD Gunathilaka,LHB,ROS
MD Rae,MD Rae,RHB,NA
MD Shanaka,MD Shanaka,RHB,RMF
MD Stoneman,MD Stoneman,LHB,NA
MDK Perera,MDK Perera,LHB,NA
MDKJ Perera,MDKJ Perera,RHB,NA
MDT Kamini,MDT Kamini,LHB,NA
MDUS Jayasundera,MDUS Jayasundera,RHB,NA
ME Bouchier,ME Bouchier,RHB,NA
ME Trescothick,ME Trescothick,LHB,NA
MEK Hussey,MEK Hussey,LHB,NA
MF Maharoof,MF Maharoof,RHB,RMF
MG Bracewell,MG Bracewell,LHB,ROS
MG Johnson,MG Johnson,LHB,LF
MG Neser,MG Neser,RHB,RMF
MG Vandort,MG Vandort,RHB,NA
MH Richardson,MH Richardson,RHB,RF
MH Sumra,MH Sumra,RHB,NA
MHW Papps,MHW Papps,RHB,NA
MJ Bulow,MJ Bulow,RHB,NA
MJ Clarke,MJ Clarke,RHB,ROS
MJ Fisher,MJ Fisher,RHB,RF
MJ Guptill,MJ Guptill,RHB,NA
MJ Hay,MJ Hay,RHB,NA
MJ Henry,MJ Henry,RHB,RF
MJ Hoggard,MJ Hoggard,RHB,RF
MJ Humphreys,MJ Humphreys,RHB,NA
MJ Leach,MJ Leach,RHB,LOS
MJ Mason,MJ Mason,RHB,NA
MJ Mindley,MJ Mindley,RHB,NA
MJ North,MJ North,LHB,RM
MJ Potts,MJ Potts,RHB,RF
MJ Prior,MJ Prior,RHB,NA
MJ Saggers,MJ Saggers,RHB,NA
MJ Santner,MJ Santner,LHB,LOS
MJ Swepson,MJ Swepson,RHB,RLS
MKDI Amerasinghe,MKDI Amerasinghe,RHB,NA
ML Cummins,ML Cummins,RHB,RF
ML Hayden,ML Hayden,LHB,NA
ML Love,ML Love,RHB,NA
ML Schutt,ML Schutt,RHB,RF
ML Udawatte,ML Udawatte,RHB,NA
MM Ali,MM Ali,RHB,ROS
MM Lanning,MM Lanning,RHB,NA
MM Patel,MM Patel,RHB,LOS
MN Samuels,MN Samuels,RHB,ROS
MN Waller,MN Waller,RHB,RLS
MP Bicknell,MP Bicknell,RHB,RF
MP Breetzke,MP Breetzke,RHB,NA
MP Kuhnemann,MP Kuhnemann,RHB,LLS
MP Vaughan,MP Vaughan,RHB,NA
MR Adair,MR Adair,RHB,RMF
MR Gillespie,MR Gillespie,RHB,RF
MR Marsh,MR Marsh,RHB,RMF
MR Ramprakash,MR Ramprakash,RHB,NA
MS Atapattu,MS Atapattu,LHB,NA
MS Crane,MS Crane,RHB,RLS
MS Dhoni,MS Dhoni,RHB,NA
MS Harris,MS Harris,LHB,NA
MS Kasprowicz,MS Kasprowicz,RHB,RF
MS Panesar,MS Panesar,LHB,LOS
MS Sinclair,MS Sinclair,RHB,NA
MS Wade,MS Wade,LHB,NA
MT Chinouya,MT Chinouya,RHB,RF
MT Renshaw,MT Renshaw,LHB,NA
MV Boucher,MV Boucher,RHB,NA
MVT Fernando,MVT Fernando,RHB,NA
MW Parkinson,MW Parkinson,RHB,RLS
Mahbubul Alam,Mahbubul Alam,RHB,RMF
Mahidul Islam Ankon,Mahidul Islam Ankon,RHB,NA
Mahmudul Hasan Joy,Mahmudul Hasan Joy,RHB,NA
Mahmudullah,Mahmudullah,RHB,ROS
Manjural Islam,Manjural Islam,LHB,LFM
Manjural Islam Rana,Manjural Islam Rana,LHB,LFM
Marshall Ayub,Marshall Ayub,RHB,NA
Mashrafe Mortaza,Mashrafe Mortaza,RHB,RMF
Meghna Singh,Meghna Singh,RHB,RMF
Mehedi Hasan Miraz,Mehedi Hasan Miraz,RHB,ROS
Mehrab Hossain jnr,Mehrab Hossain jnr,RHB,NA
Mir Hamza,Mir Hamza,LHB,LFM
Misbah-ul-Haq,Misbah-ul-Haq,RHB,ROS
Mohammad Abbas,Mohammad Abbas,RHB,RMF
Mohammad Ali,Mohammad Ali,RHB,RMF
Mohammad Amir,Mohammad Amir,LHB,LFM
Mohammad Ashraful,Mohammad Ashraful,RHB,ROS
Mohammad Asif,Mohammad Asif,RHB,RMF
Mohammad Ayub,Mohammad Ayub,RHB,NA
Mohammad Hafeez,Mohammad Hafeez,RHB,ROS
Mohammad Huraira,Mohammad Huraira,RHB,NA
Mohammad Irfan,Mohammad Irfan,RHB,LFM
Mohammad Khalil,Mohammad Khalil,RHB,RMF
Mohammad Mithun,Mohammad Mithun,RHB,NA
Mohammad Naim,Mohammad Naim,LHB,ROS
Mohammad Nawaz,Mohammad Nawaz,LHB,LOS
Mohammad Nawaz (3),Mohammad Nawaz (3),RHB,RMF
Mohammad Rafique,Mohammad Rafique,LHB,LOS
Mohammad Rizwan,Mohammad Rizwan,RHB,NA
Mohammad Salman,Mohammad Salman,RHB,ROS
Mohammad Sami,Mohammad Sami,RHB,RMF
Mohammad Shahid,Mohammad Shahid,RHB,RMF
Mohammad Sharif,Mohammad Sharif,RHB,RMF
Mohammad Talha,Mohammad Talha,RHB,RMF
Mohammad Wasim,Mohammad Wasim,RHB,RMF
Mohammad Yousuf,Mohammad Yousuf,RHB,NA
Mohammad Zahid,Mohammad Zahid,RHB,RMF
Mohammed Shami,Mohammed Shami,RHB,RFM
Mohammed Siraj,Mohammed Siraj,RHB,RFM
Moin Khan,Moin Khan,RHB,NA
Mominul Haque,Mominul Haque,LHB,NA
Mosaddek Hossain,Mosaddek Hossain,RHB,ROS
Muhammad Musa,Muhammad Musa,RHB,RMF
Mukesh Kumar,Mukesh Kumar,RHB,RMF
Mushfiqur Rahim,Mushfiqur Rahim,RHB,NA
Mushfiqur Rahman,Mushfiqur Rahman,RHB,LFM
Mushtaq Ahmed,Mushtaq Ahmed,RHB,LOS
Mustafizur Rahman,Mustafizur Rahman,LHB,LFM
N Al Khadeer,N Al Khadeer,RHB,NA
N Boje,N Boje,RHB,LOS
N Brand,N Brand,RHB,NA
N Burger,N Burger,RHB,LFM
N Deonarine,N Deonarine,LHB,LOS
N Dickwella,N Dickwella,LHB,NA
N Hussain,N Hussain,RHB,NA
N M'shangwe,N M'shangwe,RHB,ROS
N Mlaba,N Mlaba,LHB,LOS
N Ncube,N Ncube,RHB,RMF
N Niranjana,N Niranjana,RHB,ROS
N Pradeep,N Pradeep,RHB,RMF
N Wagner,N Wagner,RHB,LFM
N de Klerk,N de Klerk,RHB,RMF
NA Buley,NA Buley,RHB,NA
NA McSweeney,NA McSweeney,LHB,ROS
NB Mahwire,NB Mahwire,RHB,RMF
ND McKenzie,ND McKenzie,RHB,NA
NE Bolton,NE Bolton,RHB,NA
NE Bonner,NE Bonner,RHB,ROS
NG Smith,NG Smith,RHB,NA
NGRP Jayasuriya,NGRP Jayasuriya,LHB,LOS
NJ Astle,NJ Astle,RHB,NA
NJ Maddinson,NJ Maddinson,LHB,ROS
NJ O'Brien,NJ O'Brien,RHB,RMF
NJ Shaw,NJ Shaw,RHB,NA
NLTC Perera,NLTC Perera,LHB,RMF
NM Hauritz,NM Hauritz,RHB,LOS
NM Lyon,NM Lyon,RHB,ROS
NO Miller,NO Miller,RHB,NA
NP Mayavo,NP Mayavo,RHB,NA
NR Ferreira,NR Ferreira,RHB,NA
NR Sciver,NR Sciver,RHB,RMF
NR Sciver-Brunt,NR Sciver-Brunt,RHB,RMF
NR Welch,NR Welch,RHB,NA
NRD Compton,NRD Compton,RHB,ROS
NT Broom,NT Broom,RHB,NA
NT Nyamhuri,NT Nyamhuri,RHB,LFM
NT Paranavitana,NT Paranavitana,LHB,NA
NT Pascal,NT Pascal,RHB,RMF
NV Ojha,NV Ojha,LHB,NA
NW Bracken,NW Bracken,RHB,LFM
Naeem Islam,Naeem Islam,LHB,LOS
Nafees Iqbal,Nafees Iqbal,RHB,NA
Nahid Rana,Nahid Rana,RHB,RMF
Naseem Shah,Naseem Shah,RHB,RMF
Nasir Hossain,Nasir Hossain,RHB,ROS
Nasir Jamshed,Nasir Jamshed,LHB,NA
Nauman Ali,Nauman Ali,RHB,LOS
Navdeep Saini,Navdeep Saini,RHB,RMF
Naved-ul-Hasan,Naved-ul-Hasan,RHB,RMF
Nayeem Hasan,Nayeem Hasan,RHB,LOS
Nazimuddin,Nazimuddin,LHB,NA
Nazmul Hossain,Nazmul Hossain,LHB,NA
Nazmul Hossain Shanto,Nazmul Hossain Shanto,LHB,ROS
Nazmul Islam,Nazmul Islam,RHB,LOS
Nithish Kumar Reddy,Nithish Kumar Reddy,RHB,RMF
Nurul Hasan,Nurul Hasan,RHB,NA
O Shields,O Shields,RHB,RM
OA Shah,OA Shah,RHB,RM
OAC Banks,OAC Banks,RHB,RFM
OE Robinson,OE Robinson,RHB,RFM
OJ Phillips,OJ Phillips,RHB,ROS
OJ Pope,OJ Pope,RHB,NA
OP Stone,OP Stone,RHB,RF
P Dimri,P Dimri,RHB,NA
P Jayawickrama,P Jayawickrama,RHB,LOS
P Kumar,P Kumar,RHB,RMF
P Litchfield,P Litchfield,LHB,NA
P Nissanka,P Nissanka,RHB,NA
P Subrayen,P Subrayen,RHB,ROS
P Utseya,P Utseya,RHB,ROS
P Vastrakar,P Vastrakar,RHB,RMF
PA Jaques,PA Jaques,LHB,NA
PA Patel,PA Patel,LHB,NA
PADLR Sandakan,PADLR Sandakan,RHB,LLS
PD Collingwood,PD Collingwood,RHB,RMF
PG Fulton,PG Fulton,RHB,NA
PG Raut,PG Raut,RHB,NA
PHKD Mendis,PHKD Mendis,RHB,NA
PHT Kaushal,PHT Kaushal,RHB,ROS
PJ Cummins,PJ Cummins,RHB,RF
PJ Hughes,PJ Hughes,LHB,NA
PJ Ingram,PJ Ingram,RHB,NA
PJ Malan,PJ Malan,RHB,NA
PJ Moor,PJ Moor,RHB,NA
PJ Wiseman,PJ Wiseman,RHB,LOS
PL Harris,PL Harris,RHB,ROS
PLS Gamage,PLS Gamage,RHB,RMF
PM Nevill,PM Nevill,RHB,NA
PM Pushpakumara,PM Pushpakumara,RHB,LOS
PM Siddle,PM Siddle,RHB,RF
PP Chawla,PP Chawla,RHB,RLS
PP Ojha,PP Ojha,RHB,LOS
PP Shaw,PP Shaw,RHB,NA
PR Adams,PR Adams,RHB,LLS
PR George,PR George,RHB,RF
PR Stirling,PR Stirling,RHB,ROS
PS Masvaure,PS Masvaure,LHB,RM
PSP Handscomb,PSP Handscomb,RHB,NA
PT Collins,PT Collins,RHB,LFM
PVD Chameera,PVD Chameera,RHB,RF
PWA Mulder,PWA Mulder,RHB,RMF
PWH de Silva,PWH de Silva,RHB,RLS
Pankaj Singh,Pankaj Singh,RHB,RF
Q de Kock,Q de Kock,LHB,NA
R Ashwin,R Ashwin,RHB,ROS
R Chandrika,R Chandrika,RHB,NA
R Clarke,R Clarke,RHB,RM
R Dhar,R Dhar,RHB,RMF
R Dravid,R Dravid,RHB,NA
R Kaia,R Kaia,RHB,RM
R MacDonald-Gay,R MacDonald-Gay,RHB,RMF
R McLaren,R McLaren,RHB,RMF
R Mutumbami,R Mutumbami,RHB,NA
R Ngarava,R Ngarava,LHB,LFM
R Rampaul,R Rampaul,RHB,RFM
R Ravindra,R Ravindra,LHB,LOS
R Vinay Kumar,R Vinay Kumar,RHB,RMF
R de Swardt,R de Swardt,RHB,RMF
R van Tonder,R van Tonder,RHB,NA
RA Austin,RA Austin,RHB,ROS
RA Birch,RA Birch,RHB,RM
RA Jadeja,RA Jadeja,LHB,LOS
RA Reifer,RA Reifer,LHB,RMF
RA Young,RA Young,RHB,NA
RAS Lakmal,RAS Lakmal,RHB,RFM
RD Jacobs,RD Jacobs,RHB,NA
RD Rickelton,RD Rickelton,LHB,NA
RG Hart,RG Hart,RHB,NA
RG Sharma,RG Sharma,RHB,ROS
RJ Burns,RJ Burns,LHB,RM
RJ Harris,RJ Harris,RHB,RF
RJ Kirtley,RJ Kirtley,RHB,RFM
RJ Nicol,RJ Nicol,RHB,NA
RJ Peterson,RJ Peterson,RHB,RFM
RJ Quiney,RJ Quiney,LHB,NA
RJ Sidebottom,RJ Sidebottom,RHB,LFM
RK Kleinveldt,RK Kleinveldt,RHB,RMF
RKJ Dawson,RKJ Dawson,LHB,ROS
RL Chase,RL Chase,RHB,ROS
RL Haynes,RL Haynes,RHB,NA
RL Johnson,RL Johnson,RHB,RF
RL Powell,RL Powell,RHB,NA
RM Farrell,RM Farrell,RHB,NA
RM Ghosh,RM Ghosh,RHB,NA
RM Patidar,RM Patidar,RHB,NA
RMMP Rathnayake,RMMP Rathnayake,RHB,RMF
RMS Eranga,RMS Eranga,RHB,RFM
RN Lewis,RN Lewis,RHB,NA
RO Hinds,RO Hinds,RHB,ROS
RP Burl,RP Burl,RHB,RLS
RP Singh,RP Singh,RHB,LFM
RR Pant,RR Pant,LHB,NA
RR Powar,RR Powar,RHB,ROS
RR Sarwan,RR Sarwan,RHB,NA
RRS Cornwall,RRS Cornwall,RHB,ROS
RS Bopara,RS Bopara,RHB,RMF
RS Gayakwad,RS Gayakwad,RHB,NA
RS Morton,RS Morton,RHB,RM
RT Ponting,RT Ponting,RHB,NA
RTM Mendis,RTM Mendis,RHB,ROS
RW Chakabva,RW Chakabva,RHB,NA
RW Price,RW Price,RHB,LOS
RWT Key,RWT Key,LHB,ROS
Rahat Ali,Rahat Ali,RHB,LFM
Rajin Saleh,Rajin Saleh,RHB,NA
Raqibul Hasan,Raqibul Hasan,LHB,LOS
Rashid Latif,Rashid Latif,RHB,NA
Rehan Ahmed,Rehan Ahmed,RHB,RLS
Renuka Singh,Renuka Singh,RHB,RMF
Reon King,Reon King,RHB,RF
Robiul Islam,Robiul Islam,RHB,RMF
Rubel Hossain,Rubel Hossain,RHB,RFM
S Badrinath,S Badrinath,RHB,NA
S Campbell,S Campbell,RHB,NA
S Chanderpaul,S Chanderpaul,LHB,NA
S Chattergoon,S Chattergoon,LHB,NA
S Dhawan,S Dhawan,LHB,NA
S Ecclestone,S Ecclestone,LHB,LOS
S Jafta,S Jafta,RHB,NA
S Joseph,S Joseph,RHB,RF
S Kalavitigoda,S Kalavitigoda,LHB,NA
S Konstas,S Konstas,RHB,NA
S Luus,S Luus,RHB,RLS
S Mahmood,S Mahmood,RHB,RF
S Mandhana,S Mandhana,LHB,NA
S Matsikenyeri,S Matsikenyeri,RHB,NA
S Molineux,S Molineux,LHB,LOS
S Moseley,S Moseley,RHB,NA
S Muthusamy,S Muthusamy,LHB,LOS
S Nadeem,S Nadeem,RHB,LOS
S Nitschke,S Nitschke,RHB,ROS
S Pandey,S Pandey,RHB,RMF
S Prasanna,S Prasanna,RHB,ROS
S Rana,S Rana,RHB,ROS
S Randiv,S Randiv,RHB,ROS
S Samarawickrama,S Samarawickrama,RHB,NA
S Sharma,S Sharma,RHB,RF
S Shillingford,S Shillingford,RHB,ROS
S Shubha,S Shubha,RHB,NA
S Sreesanth,S Sreesanth,RHB,RF
S van Zyl,S van Zyl,RHB,NA
S von Berg,S von Berg,RHB,RLS
SA Yadav,SA Yadav,RHB,ROS
SB Odedra,SB Odedra,RHB,RLS
SB Styris,SB Styris,RHB,RMF
SC Cook,SC Cook,LHB,NA
SC Ganguly,SC Ganguly,LHB,RM
SC Joseph,SC Joseph,RHB,RF
SC Kerrigan,SC Kerrigan,RHB,LOS
SC Kuggeleijn,SC Kuggeleijn,RHB,RMF
SC Taylor,SC Taylor,RHB,RM
SC Williams,SC Williams,RHB,RLS
SCG MacGill,SCG MacGill,RHB,RLS
SCJ Broad,SCJ Broad,LHB,RF
SD Hope,SD Hope,RHB,NA
SD Robson,SD Robson,RHB,NA
SD Udal,SD Udal,RHB,ROS
SE Bond,SE Bond,RHB,RF
SE Marsh,SE Marsh,LHB,NA
SF Mire,SF Mire,RHB,NA
SG Borthwick,SG Borthwick,LHB,LOS
SH Lewis,SH Lewis,RHB,RF
SI Mahmood,SI Mahmood,RHB,RF
SIR Dunkley,SIR Dunkley,RHB,NA
SJ Andrews,SJ Andrews,RHB,NA
SJ Benn,SJ Benn,RHB,LOS
SJ Cook,SJ Cook,RHB,NA
SJ Coyte,SJ Coyte,RHB,RF
SJ Elliott,SJ Elliott,RHB,NA
SJ Erwee,SJ Erwee,LHB,NA
SJ Harmison,SJ Harmison,RHB,RF
SJ Taylor,SJ Taylor,RHB,NA
SK Raina,SK Raina,LHB,ROS
SK Warne,SK Warne,RHB,RLS
SL Malinga,SL Malinga,RHB,RF
SM Boland,SM Boland,RHB,RFM
SM Curran,SM Curran,LHB,LFM
SM Ervine,SM Ervine,LHB,RM
SM Katich,SM Katich,LHB,ROS
SM Pollock,SM Pollock,RHB,RMF
SM Warnapura,SM Warnapura,RHB,RM
SMSM Senanayake,SMSM Senanayake,RHB,ROS
SN Khan,SN Khan,RHB,NA
SN Thakur,SN Thakur,RHB,RMF
SNJ O'Keefe,SNJ O'Keefe,LHB,LOS
SO Dowrich,SO Dowrich,RHB,NA
SO Hetmyer,SO Hetmyer,LHB,NA
SP Fleming,SP Fleming,LHB,RM
SP Jones,SP Jones,RHB,NA
SP Narine,SP Narine,RHB,ROS
SPD Smith,SPD Smith,RHB,LLS
SR Clark,SR Clark,RHB,RF
SR Harmer,SR Harmer,RHB,ROS
SR Patel,SR Patel,RHB,ROS
SR Tendulkar,SR Tendulkar,RHB,RM
SR Thompson,SR Thompson,RHB,RF
SR Watson,SR Watson,RHB,RMF
SR Waugh,SR Waugh,RHB,RM
SS Cottrell,SS Cottrell,RHB,LFM
SS Das,SS Das,RHB,NA
SS Iyer,SS Iyer,RHB,NA
SSJ Brooks,SSJ Brooks,RHB,NA
ST Doheny,ST Doheny,LHB,NA
ST Finn,ST Finn,RHB,RF
ST Gabriel,ST Gabriel,RHB,RF
ST Jayasuriya,ST Jayasuriya,LHB,ROS
STR Binny,STR Binny,RHB,RMF
SV Carlisle,SV Carlisle,RHB,NA
SV Collyer,SV Collyer,RHB,RM
SW Ambris,SW Ambris,RHB,NA
SW Billings,SW Billings,RHB,NA
SW Masakadza,SW Masakadza,RHB,NA
SW Tait,SW Tait,RHB,RF
Sabbir Rahman,Sabbir Rahman,RHB,RM
Saeed Ajmal,Saeed Ajmal,RHB,ROS
Saif Hassan,Saif Hassan,RHB,NA
Saim Ayub,Saim Ayub,LHB,ROS
Sajedul Islam,Sajedul Islam,RHB,LFM
Sajid Khan,Sajid Khan,RHB,ROS
Saleem Elahi,Saleem Elahi,RHB,NA
Salman Butt,Salman Butt,LHB,NA
Sami Aslam,Sami Aslam,LHB,NA
Saqlain Mushtaq,Saqlain Mushtaq,RHB,ROS
Sarandeep Singh,Sarandeep Singh,RHB,ROS
Sarfraz Ahmed,Sarfraz Ahmed,RHB,NA
Saud Shakeel,Saud Shakeel,LHB,NA
Shabbir Ahmed,Shabbir Ahmed,RHB,RF
Shadab Khan,Shadab Khan,RHB,RLS
Shadman Islam,Shadman Islam,LHB,NA
Shafali Verma,Shafali Verma,RHB,NA
Shafiul Islam,Shafiul Islam,RHB,RMF
Shahadat Hossain,Shahadat Hossain,RHB,RMF
Shaheen Shah Afridi,Shaheen Shah Afridi,LHB,LFM
Shahid Afridi,Shahid Afridi,RHB,RLS
Shahid Nazir,Shahid Nazir,RHB,RF
Shahriar Nafees,Shahriar Nafees,LHB,NA
Shakib Al Hasan,Shakib Al Hasan,LHB,LOS
Shamsur Rahman,Shamsur Rahman,RHB,NA
Shan Masood,Shan Masood,LHB,NA
Sharjeel Khan,Sharjeel Khan,LHB,NA
Shoaib Akhtar,Shoaib Akhtar,RHB,RF
Shoaib Bashir,Shoaib Bashir,RHB,ROS
Shoaib Malik,Shoaib Malik,RHB,ROS
Shoriful Islam,Shoriful Islam,RHB,LFM
Shubman Gill,Shubman Gill,RHB,NA
Shuvagata Hom,Shuvagata Hom,RHB,ROS
Sikandar Raza,Sikandar Raza,RHB,ROS
Sohag Gazi,Sohag Gazi,RHB,ROS
Sohail Khan,Sohail Khan,RHB,RFM
Sohail Tanvir,Sohail Tanvir,LHB,LFM
Soumya Sarkar,Soumya Sarkar,LHB,RM
Subashis Roy,Subashis Roy,RHB,LFM
Suhrawadi Shuvo,Suhrawadi Shuvo,RHB,LOS
Sunzamul Islam,Sunzamul Islam,RHB,LOS
Syed Rasel,Syed Rasel,RHB,LFM
T Bavuma,T Bavuma,RHB,NA
T Bhatia,T Bhatia,RHB,NA
T Brits,T Brits,RHB,NA
T Chanderpaul,T Chanderpaul,LHB,NA
T Duffin,T Duffin,RHB,NA
T Gwandu,T Gwandu,RHB,RF
T Kaitano,T Kaitano,RHB,NA
T Kamungozi,T Kamungozi,RHB,NA
T Makoni,T Makoni,RHB,NA
T Maruma,T Maruma,RHB,RM
T Murphy,T Murphy,RHB,ROS
T Natarajan,T Natarajan,RHB,LFM
T Panyangara,T Panyangara,RHB,RFM
T Shamsi,T Shamsi,RHB,LLS
T Stubbs,T Stubbs,RHB,NA
T Taibu,T Taibu,RHB,NA
T Thushara,T Thushara,RHB,LFM
T Westley,T Westley,RHB,ROS
T de Zorzi,T de Zorzi,LHB,NA
TA Blundell,TA Blundell,RHB,NA
TA Boult,TA Boult,RHB,LFM
TA Copeland,TA Copeland,RHB,RFM
TA Imlach,TA Imlach,RHB,NA
TA McGregor,TA McGregor,RHB,RMF
TAM Siriwardana,TAM Siriwardana,RHB,ROS
TB de Bruyn,TB de Bruyn,RHB,NA
TD Astle,TD Astle,RHB,ROS
TD Paine,TD Paine,RHB,NA
TE Kane,TE Kane,RHB,NA
TE Tsiga,TE Tsiga,RHB,NA
TG McIntosh,TG McIntosh,RHB,NA
TG Southee,TG Southee,RHB,RF
TJ Murtagh,TJ Murtagh,RHB,RFM
TJ Vlaeminck,TJ Vlaeminck,RHB,RF
TK Curran,TK Curran,RHB,RMF
TK Musakanda,TK Musakanda,RHB,NA
TL Best,TL Best,RHB,RF
TL Chatara,TL Chatara,RHB,RMF
TL Chivanga,TL Chivanga,RHB,RF
TL Moreki,TL Moreki,RHB,RMF
TL Tsolekile,TL Tsolekile,RHB,NA
TM Dilshan,TM Dilshan,RHB,ROS
TM Dowlin,TM Dowlin,RHB,NA
TM Head,TM Head,LHB,ROS
TM McGrath,TM McGrath,RHB,RF
TMK Mawoyo,TMK Mawoyo,RHB,NA
TR Ambrose,TR Ambrose,RHB,NA
TR Gripper,TR Gripper,RHB,NA
TS Chisoro,TS Chisoro,RHB,LOS
TS Roland-Jones,TS Roland-Jones,RHB,RFM
TS Sekhukhune,TS Sekhukhune,RHB,RMF
TT Beaumont,TT Beaumont,RHB,NA
TT Bresnan,TT Bresnan,RHB,RMF
TT Samaraweera,TT Samaraweera,RHB,NA
TW Hartley,TW Hartley,LHB,LOS
TWM Latham,TWM Latham,LHB,NA
Tabish Khan,Tabish Khan,RHB,RF
Taijul Islam,Taijul Islam,RHB,LOS
Tamim Iqbal,Tamim Iqbal,LHB,NA
Tanvir Ahmed,Tanvir Ahmed,RHB,RMF
Tanzim Hasan Sakib,Tanzim Hasan Sakib,RHB,RMF
Tapash Baisya,Tapash Baisya,RHB,RMF
Taskin Ahmed,Taskin Ahmed,RHB,RF
Taufeeq Umar,Taufeeq Umar,LHB,NA
Tushar Imran,Tushar Imran,RHB,NA
UDU Chandana,UDU Chandana,RHB,RLS
UT Khawaja,UT Khawaja,LHB,NA
UT Yadav,UT Yadav,RHB,RF
UWMBCA Welegedara,UWMBCA Welegedara,RHB,LFM
Umar Akmal,Umar Akmal,RHB,NA
Umar Amin,Umar Amin,LHB,RM
Umar Gul,Umar Gul,RHB,RFM
Usman Salahuddin,Usman Salahuddin,RHB,NA
Usman Shinwari,Usman Shinwari,RHB,LFM
V Kohli,V Kohli,RHB,RM
V Masekesa,V Masekesa,RHB,RMF
V Permaul,V Permaul,RHB,LOS
V Sehwag,V Sehwag,RHB,ROS
V Sibanda,V Sibanda,RHB,NA
VA Singh,VA Singh,RHB,RMF
VC Drakes,VC Drakes,RHB,RMF
VD Philander,VD Philander,RHB,RMF
VM Nyauchi,VM Nyauchi,RHB,RMF
VR Aaron,VR Aaron,RHB,RF
VRV Singh,VRV Singh,RHB,RF
VVS Laxman,VVS Laxman,RHB,NA
W Jaffer,W Jaffer,RHB,NA
W Madhevere,W Madhevere,RHB,RM
W O'Rourke,W O'Rourke,RHB,RF
WA Young,WA Young,RHB,NA
WB Rankin,WB Rankin,RHB,RF
WD Parnell,WD Parnell,LHB,LFM
WER Somerville,WER Somerville,RHB,ROS
WG Jacks,WG Jacks,RHB,ROS
WJ Pucovski,WJ Pucovski,RHB,NA
WP Masakadza,WP Masakadza,RHB,ROS
WP Saha,WP Saha,RHB,NA
WPUJC Vaas,WPUJC Vaas,LHB,LFM
WRS de Silva,WRS de Silva,RHB,NA
WTS Porterfield,WTS Porterfield,LHB,NA
WU Tharanga,WU Tharanga,LHB,NA
WW Hinds,WW Hinds,RHB,NA
Wahab Riaz,Wahab Riaz,LHB,LFM
Waqar Younis,Waqar Younis,RHB,RF
Washington Sundar,Washington Sundar,LHB,ROS
XJ Doherty,XJ Doherty,RHB,LOS
XM Marshall,XM Marshall,RHB,NA
YBK Jaiswal,YBK Jaiswal,LHB,NA
YH Bhatia,YH Bhatia,RHB,NA
Yasir Ali,Yasir Ali,RHB,NA
Yasir Ali Chowdhury,Yasir Ali Chowdhury,RHB,NA
Yasir Arafat,Yasir Arafat,RHB,RMF
Yasir Hameed,Yasir Hameed,RHB,NA
Yasir Shah,Yasir Shah,RHB,RLS
Younis Khan,Younis Khan,RHB,NA
Yousuf Youhana,Yousuf Youhana,RHB,NA
Yuvraj Singh,Yuvraj Singh,LHB,LOS
Z Crawley,Z Crawley,RHB,NA
Z Khan,Z Khan,RHB,LF
Z de Bruyn,Z de Bruyn,RHB,NA
ZGF Foulkes,ZGF Foulkes,RHB,RMF
ZS Ansari,ZS Ansari,RHB,LOS
Zafar Gohar,Zafar Gohar,RHB,LOS
Zahid Mahmood,Zahid Mahmood,RHB,RLS
Zakir Hasan,Zakir Hasan,LHB,NA
Ziaur Rahman,Ziaur Rahman,RHB,RMF
Zubayr Hamza,Zubayr Hamza,RHB,NA
Zulfiqar Babar,Zulfiqar Babar,RHB,LOS
Zulqarnain Haider,Zulqarnain Haider,RHB,NA